"site","id","title","link","img_link","date"
"blocket ","item_72149958","NS Suburban, Street/Dirt ","https://www.blocket.se/stockholm/NS_Suburban__Street_Dirt_72149958.htm?ca=23&w=3 ","https://cdn.blocket.com/static/2/lithumbs/42/4294703602.jpg ",0008-04-20
"blocket ","item_72557533","Yeti SB-66 Medium ","https://www.blocket.se/stockholm/Yeti_SB_66_Medium_72557533.htm?ca=23&w=3 ","https://cdn.blocket.com/static/0/lithumbs/64/6473630247.jpg ",0008-04-20
"blocket ","item_71929527","Mountainbike Univega Vision LTD ","https://www.blocket.se/uppsala/Mountainbike_Univega_Vision_LTD_71929527.htm?ca=23&w=3 ","https://cdn.blocket.com/static/0/lithumbs/29/2965458128.jpg ",0008-04-20
"blocket ","item_72555816","Scott Scale20 ","https://www.blocket.se/dalarna/Scott_Scale20_72555816.htm?ca=23&w=3 ","https://cdn.blocket.com/static/0/lithumbs/64/6499744646.jpg ",0008-04-20
"blocket ","item_72489609","Scott scale 930 2015 ","https://www.blocket.se/uppsala/Scott_scale_930_2015_72489609.htm?ca=23&w=3 ","https://cdn.blocket.com/static/0/lithumbs/60/6020080428.jpg ",0008-04-20
"blocket ","item_72553791","Specialized Epic Comp Carbon 2015 ","https://www.blocket.se/orebro/Specialized_Epic_Comp_Carbon_2015_72553791.htm?ca=23&w=3 ","NA ",0008-04-20
"blocket ","item_72553588","Scott Spark 730 -15 ","https://www.blocket.se/uppsala/Scott_Spark_730__15_72553588.htm?ca=23&w=3 ","https://cdn.blocket.com/static/1/lithumbs/63/6328656528.jpg ",0007-04-20
"blocket ","item_72512414","Wilier triestina "" medium"" ","https://www.blocket.se/stockholm/Wilier_triestina___medium__72512414.htm?ca=23&w=3 ","https://cdn.blocket.com/static/2/lithumbs/61/6175633254.jpg ",0007-04-20
"blocket ","item_72553085","Lapierre XR 729 Ei -15 strl M (170-182cm) ","https://www.blocket.se/stockholm/Lapierre_XR_729_Ei__15_strl_M__170_182cm__72553085.htm?ca=23&w=3 ","https://cdn.blocket.com/static/1/lithumbs/63/6385970851.jpg ",0007-04-20
"blocket ","item_72552675","Crescent Rimfaxe FS ","https://www.blocket.se/landskrona/Crescent_Rimfaxe_FS_72552675.htm?ca=23&w=3 ","https://cdn.blocket.com/static/2/lithumbs/63/6329768092.jpg ",0007-04-20
"blocket ","item_72547167","Mountainbike Xc med bra komponenter ","https://www.blocket.se/uppsala/Mountainbike_Xc_med_bra_komponenter_72547167.htm?ca=23&w=3 ","https://cdn.blocket.com/static/1/lithumbs/63/6365807187.jpg ",0007-04-20
"blocket ","item_72547101","Scott Scale 720 XL -15 ","https://www.blocket.se/uppsala/Scott_Scale_720_XL__15_72547101.htm?ca=23&w=3 ","https://cdn.blocket.com/static/2/lithumbs/63/6300380972.jpg ",0007-04-20
"blocket ","item_72547013","Scott Scale 720 XL -15 ","https://www.blocket.se/uppsala/Scott_Scale_720_XL__15_72547013.htm?ca=23&w=3 ","https://cdn.blocket.com/static/2/lithumbs/63/6356011460.jpg ",0007-04-20
"blocket ","item_72541615","Scott Aspect 10 ","https://www.blocket.se/goteborg/Scott_Aspect_10_72541615.htm?ca=23&w=3 ","https://cdn.blocket.com/static/2/lithumbs/63/6311965781.jpg ",0007-04-20
"blocket ","item_72538931","Fin herrcykel ","https://www.blocket.se/stockholm/Fin_herrcykel_72538931.htm?ca=23&w=3 ","https://cdn.blocket.com/static/2/lithumbs/63/6347879033.jpg ",0007-04-20
"blocket ","item_71784977","Radon Black Sin 29"" carbon hardtail ","https://www.blocket.se/vasterbotten/Radon_Black_Sin_29__carbon_hardtail_71784977.htm?ca=23&w=3 ","https://cdn.blocket.com/static/0/lithumbs/20/2023197663.jpg ",0007-04-20
"blocket ","item_72538453","On-One parkwood 27.5 ","https://www.blocket.se/alvsborg/On_One_parkwood_27_5_72538453.htm?ca=23&w=3 ","https://cdn.blocket.com/static/0/lithumbs/63/6369590513.jpg ",0007-04-20
"blocket ","item_72173546","Kross Mountain Bike ","https://www.blocket.se/stockholm/Kross_Mountain_Bike_72173546.htm?ca=23&w=3 ","https://cdn.blocket.com/static/2/lithumbs/44/4404585820.jpg ",0007-04-20
"blocket ","item_72537574","Merida big nine viper xt 29"" XL ","https://www.blocket.se/stockholm/Merida_big_nine_viper_xt_29__XL_72537574.htm?ca=23&w=3 ","https://cdn.blocket.com/static/1/lithumbs/62/6219933379.jpg ",0006-04-20
"blocket ","item_72535469","Cube Reaction GTC SL 2017 ","https://www.blocket.se/dalarna/Cube_Reaction_GTC_SL_2017_72535469.htm?ca=23&w=3 ","https://cdn.blocket.com/static/0/lithumbs/62/6203842610.jpg ",0006-04-20
"blocket ","item_72530221","Trek fulld?mpad (grymt l?tt) ","https://www.blocket.se/jonkoping/Trek_fulldampad__grymt_latt__72530221.htm?ca=23&w=3 ","https://cdn.blocket.com/static/1/lithumbs/62/6235735499.jpg ",0006-04-20
"blocket ","item_72117429","Zesty 327 Am ","https://www.blocket.se/hassleholm/Zesty_327_Am_72117429.htm?ca=23&w=3 ","https://cdn.blocket.com/static/0/lithumbs/40/4078088372.jpg ",0006-04-20
"blocket ","item_72519053","Rocky Mountain Vertex 950 ","https://www.blocket.se/alvsborg/Rocky_Mountain_Vertex_950_72519053.htm?ca=23&w=3 ","https://cdn.blocket.com/static/1/lithumbs/61/6156808874.jpg ",0005-04-20
"blocket ","item_72517853","Trek Superfly 5. 29"" ","https://www.blocket.se/alvsborg/Trek_Superfly_5__29__72517853.htm?ca=23&w=3 ","https://cdn.blocket.com/static/2/lithumbs/61/6146625442.jpg ",0005-04-20
"blocket ","item_72516034","Trek Elite 9.9 26"" ","https://www.blocket.se/jonkoping/Trek_Elite_9_9_26__72516034.htm?ca=23&w=3 ","https://cdn.blocket.com/static/0/lithumbs/61/6180690889.jpg ",0005-04-20
"blocket ","item_72341894","Cannondale Habit 1 Eagle ","https://www.blocket.se/gavleborg/Cannondale_Habit_1_Eagle_72341894.htm?ca=23&w=3 ","https://cdn.blocket.com/static/2/lithumbs/52/5209521114.jpg ",0005-04-20
"blocket ","item_72514643","Cube LTD Pro ","https://www.blocket.se/stockholm/Cube_LTD_Pro_72514643.htm?ca=23&w=3 ","https://cdn.blocket.com/static/2/lithumbs/61/6121358661.jpg ",0005-04-20
"blocket ","item_72509422","Cube Reaction GTC SL 2014 Kolfiber ","https://www.blocket.se/angelholm/Cube_Reaction_GTC_SL_2014_Kolfiber_72509422.htm?ca=23&w=3 ","https://cdn.blocket.com/static/2/lithumbs/61/6139502519.jpg ",0005-04-20
"blocket ","item_72503597","MTB Extreme Carbon Comp ","https://www.blocket.se/kalmar/MTB_Extreme_Carbon_Comp_72503597.htm?ca=23&w=3 ","https://cdn.blocket.com/static/0/lithumbs/61/6197682052.jpg ",0005-04-20
"blocket ","item_72503214","On-One Scandal 29er ","https://www.blocket.se/stockholm/On_One_Scandal_29er_72503214.htm?ca=23&w=3 ","https://cdn.blocket.com/static/1/lithumbs/61/6148358988.jpg ",0005-04-20
"blocket ","item_72500851","MTB - Focus Black Forest 29"" ","https://www.blocket.se/ostergotland/MTB___Focus_Black_Forest_29__72500851.htm?ca=23&w=3 ","https://cdn.blocket.com/static/2/lithumbs/60/6005115506.jpg ",0004-04-20
"blocket ","item_72500593","Cyclocross ","https://www.blocket.se/lulea/Cyclocross_72500593.htm?ca=23&w=3 ","https://cdn.blocket.com/static/1/lithumbs/60/6041129776.jpg ",0004-04-20
"blocket ","item_72498981","Scott Spark 910,str M 2015 ","https://www.blocket.se/jamtland/Scott_Spark_910_str_M_2015_72498981.htm?ca=23&w=3 ","https://cdn.blocket.com/static/1/lithumbs/60/6078487620.jpg ",0004-04-20
"blocket ","item_72496485","Easton elite, Shimano xt: snabb och l?tt ","https://www.blocket.se/goteborg/Easton_elite__Shimano_xt__snabb_och_latt_72496485.htm?ca=23&w=3 ","https://cdn.blocket.com/static/2/lithumbs/60/6025372157.jpg ",0004-04-20
"blocket ","item_72495098","Crescent Abisko i mycket fint skick ","https://www.blocket.se/stockholm/Crescent_Abisko_i_mycket_fint_skick_72495098.htm?ca=23&w=3 ","https://cdn.blocket.com/static/2/lithumbs/60/6026298052.jpg ",0004-04-20
"blocket ","item_72493933","Scott Scale 30 carbon 26"" ","https://www.blocket.se/stockholm/Scott_Scale_30_carbon_26__72493933.htm?ca=23&w=3 ","https://cdn.blocket.com/static/1/lithumbs/60/6033835650.jpg ",0004-04-20
"blocket ","item_72491454","Trek Superfly 5 Mountainbike ","https://www.blocket.se/stockholm/Trek_Superfly_5_Mountainbike_72491454.htm?ca=23&w=3 ","https://cdn.blocket.com/static/0/lithumbs/60/6014787596.jpg ",0004-04-20
"blocket ","item_72486969","Bianchi JAB 29.1 MTB, 2016, Shimano XT ","https://www.blocket.se/lund/Bianchi_JAB_29_1_MTB__2016__Shimano_XT_72486969.htm?ca=23&w=3 ","https://cdn.blocket.com/static/2/lithumbs/60/6078035123.jpg ",0004-04-20
"blocket ","item_72484722","Giant Anthem Advanced 1 -2016 Large ","https://www.blocket.se/lund/Giant_Anthem_Advanced_1__2016_Large_72484722.htm?ca=23&w=3 ","https://cdn.blocket.com/static/2/lithumbs/57/5773363536.jpg ",0004-04-20
"blocket ","item_72481840","Rose Granite Chief 27,5 tum held?mpad 2016 ","https://www.blocket.se/stockholm/Rose_Granite_Chief_27_5_tum_heldampad_2016_72481840.htm?ca=23&w=3 ","https://cdn.blocket.com/static/2/lithumbs/59/5984588042.jpg ",0003-04-20
"blocket ","item_72479398","Lapierre pro race 329 ","https://www.blocket.se/alvsborg/Lapierre_pro_race_329_72479398.htm?ca=23&w=3 ","https://cdn.blocket.com/static/0/lithumbs/59/5999512631.jpg ",0003-04-20
"blocket ","item_72478931","Nishiki 601 hybrid ","https://www.blocket.se/vastmanland/Nishiki_601_hybrid_72478931.htm?ca=23&w=3 ","https://cdn.blocket.com/static/0/lithumbs/59/5937604632.jpg ",0003-04-20
"blocket ","item_72477179","Canyon ","https://www.blocket.se/dalarna/Canyon_72477179.htm?ca=23&w=3 ","https://cdn.blocket.com/static/2/lithumbs/59/5954235736.jpg ",0003-04-20
"blocket ","item_72475780","MTB Sinttesi 26 "" ","https://www.blocket.se/dalarna/MTB_Sinttesi_26___72475780.htm?ca=23&w=3 ","https://cdn.blocket.com/static/2/lithumbs/59/5988283652.jpg ",0003-04-20
"blocket ","item_72473618","Mountainbike f?r entusiasten ","https://www.blocket.se/malmo/Mountainbike_for_entusiasten_72473618.htm?ca=23&w=3 ","https://cdn.blocket.com/static/2/lithumbs/59/5926284933.jpg ",0003-04-20
"blocket ","item_72472074","Merida Big Nine Viper XT 2016 ","https://www.blocket.se/orebro/Merida_Big_Nine_Viper_XT_2016_72472074.htm?ca=23&w=3 ","https://cdn.blocket.com/static/0/lithumbs/59/5993206310.jpg ",0003-04-20
"blocket ","item_71842999","Ny i kartong Cannondale F-SI Carbon ","https://www.blocket.se/gavleborg/Ny_i_kartong_Cannondale_F_SI_Carbon_71842999.htm?ca=23&w=3 ","https://cdn.blocket.com/static/2/lithumbs/24/2450645892.jpg ",0003-04-20
"blocket ","item_71530661","BMC Speedfox Trailcrew 02 27.5 2017 ","https://www.blocket.se/simrishamn/BMC_Speedfox_Trailcrew_02_27_5_2017_71530661.htm?ca=23&w=3 ","https://cdn.blocket.com/static/2/lithumbs/04/0496967028.jpg ",0003-04-20
"blocket ","item_72463159","Trek Fuel EX 9 -14 ","https://www.blocket.se/stockholm/Trek_Fuel_EX_9__14_72463159.htm?ca=23&w=3 ","https://cdn.blocket.com/static/0/lithumbs/59/5900551189.jpg ",0003-04-20
"blocket ","item_72461748","MTB Cannondale CAAD5 ","https://www.blocket.se/jonkoping/MTB_Cannondale_CAAD5_72461748.htm?ca=23&w=3 ","https://cdn.blocket.com/static/0/lithumbs/58/5836793362.jpg ",0002-04-20
"blocket ","item_72563846","Mountainbike l?ttvikt ","https://www.blocket.se/gavleborg/Mountainbike_lattvikt_72563846.htm?ca=23&w=3 ","https://cdn.blocket.com/static/0/lithumbs/64/6492068884.jpg ",0008-04-20
"blocket ","item_72563802","Haibike sl light 29 carbon xt ","https://www.blocket.se/gavleborg/Haibike_sl_light_29_carbon_xt_72563802.htm?ca=23&w=3 ","https://cdn.blocket.com/static/1/lithumbs/64/6457767320.jpg ",0008-04-20
"blocket ","item_71934775","TREK Cali Carbon SL 27,5"" ","https://www.blocket.se/varmland/TREK_Cali_Carbon_SL_27_5__71934775.htm?ca=23&w=3 ","https://cdn.blocket.com/static/0/lithumbs/30/3065658141.jpg ",0008-04-20
"blocket ","item_72562361","Rose Root Miller ","https://www.blocket.se/stockholm/Rose_Root_Miller_72562361.htm?ca=23&w=3 ","https://cdn.blocket.com/static/0/lithumbs/64/6411545896.jpg ",0008-04-20
"blocket ","item_72559923","Corratec inside link 27,5 ","https://www.blocket.se/stockholm/Corratec_inside_link_27_5_72559923.htm?ca=23&w=3 ","https://cdn.blocket.com/static/1/lithumbs/64/6499453852.jpg ",0008-04-20
"dba ","id-1032897385","scott-scott-contessa-scale ","http://www.dba.dk/scott-scott-contessa-scale/id-1032897385/ ","https://i.ebayimg.com/images/g/eNYAAOSwuLZY6PFM/s-l200.jpg ",0008-04-20
"dba ","id-1032895780","orbea-satellite-hardtail-16 ","http://www.dba.dk/orbea-satellite-hardtail-16/id-1032895780/ ","https://i.ebayimg.com/images/g/V2MAAOSww3tY6Oe0/s-l200.jpg ",0008-04-20
"dba ","id-1032892395","kup-luksus-elcykel-saelges ","http://www.dba.dk/kup-luksus-elcykel-saelges/id-1032892395/ ","https://i.ebayimg.com/images/g/N~gAAOSwTM5Y6NII/s-l200.jpg ",0008-04-20
"dba ","id-1032889139","merida-big-seven-600 ","http://www.dba.dk/merida-big-seven-600/id-1032889139/ ","https://i.ebayimg.com/images/g/~LkAAOSwpkFY6L8V/s-l200.jpg ",0008-04-20
"dba ","id-1032880396","herrecykel-trek-6000-fin ","http://www.dba.dk/herrecykel-trek-6000-fin/id-1032880396/ ","https://i.ebayimg.com/images/g/PzkAAOSwls5Y6IN0/s-l200.jpg ",0008-04-20
"dba ","id-1032876881","felt-racercykel ","http://www.dba.dk/felt-racercykel/id-1032876881/ ","https://i.ebayimg.com/images/g/KTsAAOSwuLZY5~a0/s-l200.jpg ",0007-04-20
"dba ","id-1032777847","giant-talon-29er-1-2016 ","http://www.dba.dk/giant-talon-29er-1-2016/id-1032777847/ ","https://i.ebayimg.com/images/g/Z7oAAOSw3utY5~W4/s-l200.jpg ",0007-04-20
"dba ","id-1032876311","cannondale-f-si-al-2-m ","http://www.dba.dk/cannondale-f-si-al-2-m/id-1032876311/ ","https://i.ebayimg.com/images/g/9eAAAOSwnF9Y5~Ar/s-l200.jpg ",0007-04-20
"dba ","id-1032874605","felt-q620-hardtail-155 ","http://www.dba.dk/felt-q620-hardtail-155/id-1032874605/ ","https://i.ebayimg.com/images/g/m5MAAOSwls5Y5-LL/s-l200.jpg ",0007-04-20
"dba ","id-1032866383","andet-maerke-surly-moonlander ","http://www.dba.dk/andet-maerke-surly-moonlander/id-1032866383/ ","https://i.ebayimg.com/images/g/lIwAAOSw03lY58~6/s-l200.jpg ",0007-04-20
"dba ","id-1032860211","kranksaet-shimano-xt-m780 ","http://www.dba.dk/kranksaet-shimano-xt-m780/id-1032860211/ ","https://i.ebayimg.com/images/g/AQgAAOSwhQhY51O-/s-l200.jpg ",0007-04-20
"dba ","id-1032858281","skiftegreb-shimano-deore-xt ","http://www.dba.dk/skiftegreb-shimano-deore-xt/id-1032858281/ ","https://i.ebayimg.com/images/g/cmAAAOSwhQhY5z~F/s-l200.jpg ",0007-04-20
"dba ","id-1032853843","giant-talon-275-rc-ltd ","http://www.dba.dk/giant-talon-275-rc-ltd/id-1032853843/ ","https://i.ebayimg.com/images/g/4UkAAOSwuLZY5qG4/s-l200.jpg ",0007-04-20
"dba ","id-1032854894","forskifter-shimano-deore ","http://www.dba.dk/forskifter-shimano-deore/id-1032854894/ ","https://i.ebayimg.com/images/g/a4gAAOSwU8hY5qlD/s-l200.jpg ",0006-04-20
"dba ","id-1032849781","cube-reaction-k18-sram-x0 ","http://www.dba.dk/cube-reaction-k18-sram-x0/id-1032849781/ ","https://i.ebayimg.com/images/g/vdwAAOSwc-tY5nP1/s-l200.jpg ",0006-04-20
"dba ","id-1032846502","damecykel-kildemoes ","http://www.dba.dk/damecykel-kildemoes/id-1032846502/ ","https://i.ebayimg.com/images/g/IhQAAOSwAANY5lYc/s-l200.jpg ",0006-04-20
"dba ","id-1032846277","dameracer-kildemoes ","http://www.dba.dk/dameracer-kildemoes/id-1032846277/ ","https://i.ebayimg.com/images/g/8D0AAOSww3tY5lRb/s-l200.jpg ",0006-04-20
"dba ","id-1032843571","bagskifter-shimano-xt-9-g ","http://www.dba.dk/bagskifter-shimano-xt-9-g/id-1032843571/ ","https://i.ebayimg.com/images/g/Tm4AAOSwuLZY5jmD/s-l200.jpg ",0006-04-20
"dba ","id-1032843415","andet-shimano-xt-arme-2-s ","http://www.dba.dk/andet-shimano-xt-arme-2-s/id-1032843415/ ","https://i.ebayimg.com/images/g/nXgAAOSwDmBY5jea/s-l200.jpg ",0006-04-20
"dba ","id-1032838729","giant-xtc-alex-sl-aluminium ","http://www.dba.dk/giant-xtc-alex-sl-aluminium/id-1032838729/ ","https://i.ebayimg.com/images/g/fCsAAOSwuLZY5gaW/s-l200.jpg ",0006-04-20
"dba ","id-1032836440","santa-cruz-heckler-full ","http://www.dba.dk/santa-cruz-heckler-full/id-1032836440/ ","https://i.ebayimg.com/images/g/qvsAAOSwA29Y5e9g/s-l200.jpg ",0006-04-20
"dba ","id-1032905936","stel-jeg-saelger-min-ghost ","http://www.dba.dk/stel-jeg-saelger-min-ghost/id-1032905936/ ","https://i.ebayimg.com/images/g/SokAAOSwc-tY6S7K/s-l200.jpg ",0008-04-20
"blocket","item_72411504","Allebike MB31 - full XT","https://www.blocket.se/alvsborg/Allebike_MB31___full_XT_72411504.htm?ca=23&w=3","https://cdn.blocket.com/static/1/lithumbs/56/5640090110.jpg",0009-04-20
"blocket","item_72581069","Specialized Enduro Comp -29","https://www.blocket.se/jamtland/Specialized_Enduro_Comp__29_72581069.htm?ca=23&w=3","https://cdn.blocket.com/static/2/lithumbs/65/6521764329.jpg",0009-04-20
"blocket","item_72579178","616 Fabrication 27,5Plus","https://www.blocket.se/stockholm/616_Fabrication_27_5Plus_72579178.htm?ca=23&w=3","https://cdn.blocket.com/static/0/lithumbs/65/6572852692.jpg",0009-04-20
"blocket","item_72574414","Scott genius lt 40 bra skick.","https://www.blocket.se/stockholm/Scott_genius_lt_40_bra_skick__72574414.htm?ca=23&w=3","https://cdn.blocket.com/static/1/lithumbs/65/6522819193.jpg",0009-04-20
"blocket","item_72571869","Mountainbike Scott Elite Racing","https://www.blocket.se/alvsborg/Mountainbike_Scott_Elite_Racing_72571869.htm?ca=23&w=3","https://cdn.blocket.com/static/2/lithumbs/64/6476963836.jpg",0008-04-20
"blocket","item_72571179","American classic hjul","https://www.blocket.se/halland/American_classic_hjul_72571179.htm?ca=23&w=3","https://cdn.blocket.com/static/0/lithumbs/64/6458129219.jpg",0008-04-20
"blocket","item_72569511","Giant VT size Large","https://www.blocket.se/orebro/Giant_VT_size_Large_72569511.htm?ca=23&w=3","https://cdn.blocket.com/static/2/lithumbs/64/6416595317.jpg",0008-04-20
"blocket","item_72568854","Cykelvagn","https://www.blocket.se/vasterbotten/Cykelvagn_72568854.htm?ca=23&w=3","https://cdn.blocket.com/static/2/lithumbs/64/6492425634.jpg",0008-04-20
"blocket","item_72565285","White XC 275 Pro","https://www.blocket.se/stockholm/White_XC_275_Pro_72565285.htm?ca=23&w=3","https://cdn.blocket.com/static/2/lithumbs/64/6449011991.jpg",0008-04-20
"dba","id-1032925612","andet-reservedele-sram-x7","http://www.dba.dk/andet-reservedele-sram-x7/id-1032925612/","https://i.ebayimg.com/images/g/iz0AAOSw3utY6iZy/s-l200.jpg",0009-04-20
"dba","id-1032919881","klinge-shimano-xt-8000-ub","http://www.dba.dk/klinge-shimano-xt-8000-ub/id-1032919881/","https://i.ebayimg.com/images/g/q1QAAOSw3utY6gbK/s-l200.jpg",0009-04-20
"dba","id-1032919404","andet-maerke-carbon-hardtail","http://www.dba.dk/andet-maerke-carbon-hardtail/id-1032919404/","https://i.ebayimg.com/images/g/9psAAOSwnF9Y6gRG/s-l200.jpg",0009-04-20
"dba","id-1032915166","bremser-shimano-xt-shiman","http://www.dba.dk/bremser-shimano-xt-shiman/id-1032915166/","https://i.ebayimg.com/images/g/Pf0AAOSw03lY6e1N/s-l200.jpg",0009-04-20
"blocket","item_72595439","Scott aspect 910 MTB 29""","https://www.blocket.se/lulea/Scott_aspect_910_MTB_29__72595439.htm?ca=23&w=3","https://cdn.blocket.com/static/0/lithumbs/65/6564022029.jpg",0009-04-20
"blocket","item_72594090","Merida 29"" Big Nine Carbon Comp","https://www.blocket.se/stockholm/Merida_29__Big_Nine_Carbon_Comp_72594090.htm?ca=23&w=3","https://cdn.blocket.com/static/2/lithumbs/65/6594233106.jpg",0009-04-20
"blocket","item_72593869","20"" Barncykel Racing BTwin","https://www.blocket.se/stockholm/20__Barncykel_Racing_BTwin_72593869.htm?ca=23&w=3","https://cdn.blocket.com/static/2/lithumbs/65/6578766159.jpg",0009-04-20
"blocket","item_72591473","R y s l i g t snabb l?ngloppscykel","https://www.blocket.se/alvsborg/R_y_s_l_i_g_t_snabb_langloppscykel_72591473.htm?ca=23&w=3","https://cdn.blocket.com/static/1/lithumbs/65/6548996422.jpg",0009-04-20
"blocket","item_72590624","Trek Top Fuel 9.8 SL med helt nya d?mpare","https://www.blocket.se/jonkoping/Trek_Top_Fuel_9_8_SL_med_helt_nya_dampare_72590624.htm?ca=23&w=3","https://cdn.blocket.com/static/0/lithumbs/65/6580816061.jpg",0009-04-20
"blocket","item_72589013","Scott Scale 30","https://www.blocket.se/stockholm/Scott_Scale_30_72589013.htm?ca=23&w=3","https://cdn.blocket.com/static/2/lithumbs/65/6557190820.jpg",0009-04-20
"blocket","item_72588623","SCOTT Scale 720 stl L 2014","https://www.blocket.se/jonkoping/SCOTT_Scale_720_stl_L_2014_72588623.htm?ca=23&w=3","https://cdn.blocket.com/static/0/lithumbs/65/6503354502.jpg",0009-04-20
"blocket","item_72587888","Giant trance 2 - 2016","https://www.blocket.se/blekinge/Giant_trance_2___2016_72587888.htm?ca=23&w=3","https://cdn.blocket.com/static/0/lithumbs/65/6501364426.jpg",0009-04-20
"blocket","item_72585053","AmerikansCannondale 27v?xl,l?s lyse,nya delar","https://www.blocket.se/uppsala/AmerikansCannondale_27vaxl_las_lyse_nya_delar_72585053.htm?ca=23&w=3","https://cdn.blocket.com/static/2/lithumbs/65/6588889826.jpg",0009-04-20
"dba","id-1032943054","cube-reaction-hardtail-24","http://www.dba.dk/cube-reaction-hardtail-24/id-1032943054/","https://i.ebayimg.com/images/g/sYwAAOSwTM5Y6pEW/s-l200.jpg",0009-04-20
"dba","id-1032941928","nishiki-big-foot-29-anden","http://www.dba.dk/nishiki-big-foot-29-anden/id-1032941928/","https://i.ebayimg.com/images/g/51kAAOSwpkFY6omi/s-l200.jpg",0009-04-20
"dba","id-1032938218","hjul-sun-rims-26-hjulsaet","http://www.dba.dk/hjul-sun-rims-26-hjulsaet/id-1032938218/","https://i.ebayimg.com/images/g/PD4AAOSw03lY6nJ~/s-l200.jpg",0009-04-20
"dba","id-1032933526","mountainbike-nypris-9000","http://www.dba.dk/mountainbike-nypris-9000/id-1032933526/","https://i.ebayimg.com/images/g/Kj4AAOSwmgJY6lV8/s-l200.jpg",0009-04-20
"dba","id-1032929363","radon-zr-team-hardtail-20","http://www.dba.dk/radon-zr-team-hardtail-20/id-1032929363/","https://i.ebayimg.com/images/g/GOYAAOSw~CFY6j16/s-l200.jpg",0009-04-20
"dba","id-1032928412","kona-caldera-hardtail-17","http://www.dba.dk/kona-caldera-hardtail-17/id-1032928412/","https://i.ebayimg.com/images/g/Yw4AAOSwAANY6jgV/s-l200.jpg",0009-04-20
"blocket","item_72611600","Trek 4300","https://www.blocket.se/gavleborg/Trek_4300_72611600.htm?ca=23&w=3","https://cdn.blocket.com/static/1/lithumbs/66/6640640997.jpg",0010-04-20
"blocket","item_72610775","29"" Hardtail Merida Big Nine 17"" TFS 900 2013","https://www.blocket.se/goteborg/29__Hardtail_Merida_Big_Nine_17__TFS_900_2013_72610775.htm?ca=23&w=3","https://cdn.blocket.com/static/1/lithumbs/66/6696605555.jpg",0010-04-20
"dba","id-1032966181","canyon-grand-canyon-al-90","http://www.dba.dk/canyon-grand-canyon-al-90/id-1032966181/","https://i.ebayimg.com/images/g/BhkAAOSwB-1Y66WW/s-l200.jpg",0010-04-20
"dba","id-1032966094","colnago-ibex-hardtail-20","http://www.dba.dk/colnago-ibex-hardtail-20/id-1032966094/","https://i.ebayimg.com/images/g/TfsAAOSwc-tY66T~/s-l200.jpg",0010-04-20
"dba","id-1032963561","damecykel-andet-maerke","http://www.dba.dk/damecykel-andet-maerke/id-1032963561/","https://i.ebayimg.com/images/g/WaAAAOSwpkFY65cF/s-l200.jpg",0010-04-20
"dba","id-1032957839","cube-reaction-29-gtc-pro","http://www.dba.dk/cube-reaction-29-gtc-pro/id-1032957839/","https://i.ebayimg.com/images/g/J9YAAOSwpP9Y62-A/s-l200.jpg",0010-04-20
"dba","id-1032954221","haibike-greed-980","http://www.dba.dk/haibike-greed-980/id-1032954221/","https://i.ebayimg.com/images/g/pBwAAOSwls5Y61ct/s-l200.jpg",0010-04-20
"dba","id-1032953635","cube-hardtail-15-tommer-27","http://www.dba.dk/cube-hardtail-15-tommer-27/id-1032953635/","https://i.ebayimg.com/images/g/cYgAAOSww3tY61JY/s-l200.jpg",0010-04-20
"dba","id-1032953553","radon-hardtail-15-tommer-27","http://www.dba.dk/radon-hardtail-15-tommer-27/id-1032953553/","https://i.ebayimg.com/images/g/oowAAOSwc-tY61G6/s-l200.jpg",0010-04-20
"dba","id-1032949100","yeti-575-full-suspension-18","http://www.dba.dk/yeti-575-full-suspension-18/id-1032949100/","https://i.ebayimg.com/images/g/4aIAAOSwpkFY6zC7/s-l200.jpg",0010-04-20
"dba","id-1032945485","bagskifter-shimano-xt-bru","http://www.dba.dk/bagskifter-shimano-xt-bru/id-1032945485/","https://i.ebayimg.com/images/g/ylMAAOSwmgJY6qn3/s-l200.jpg",0009-04-20
"dba","id-1032943918","giant-trance-2-ltd-275","http://www.dba.dk/giant-trance-2-ltd-275/id-1032943918/","https://i.ebayimg.com/images/g/US0AAOSw~CFY6pkz/s-l200.jpg",0009-04-20
"dba","id-1032943995","scott-hardtail-30-gear-s","http://www.dba.dk/scott-hardtail-30-gear-s/id-1032943995/","https://i.ebayimg.com/images/g/OYMAAOSww3tY6piq/s-l200.jpg",0009-04-20
"dba","id-1032943505","herrecykel-raleigh-contour","http://www.dba.dk/herrecykel-raleigh-contour/id-1032943505/","https://i.ebayimg.com/images/g/QfgAAOSw4CFY6pTD/s-l200.jpg",0009-04-20
"blocket","item_72628716","Giant Anthem SX 2015","https://www.blocket.se/sodermanland/Giant_Anthem_SX_2015_72628716.htm?ca=23&w=3","https://cdn.blocket.com/static/2/lithumbs/67/6722734115.jpg",0011-04-20
"blocket","item_72629714","Votec vf 195 pro","https://www.blocket.se/gavleborg/Votec_vf_195_pro_72629714.htm?ca=23&w=3","https://cdn.blocket.com/static/0/lithumbs/67/6711045223.jpg",0011-04-20
"dba","id-1033000110","giant-talon-citybike-275","http://www.dba.dk/giant-talon-citybike-275/id-1033000110/","https://i.ebayimg.com/images/g/5CYAAOSw03lY7QpO/s-l200.jpg",0011-04-20
"dba","id-1033000027","giant-tempt-1-hardtail-275","http://www.dba.dk/giant-tempt-1-hardtail-275/id-1033000027/","https://i.ebayimg.com/images/g/bYwAAOSwrddY7Ql2/s-l200.jpg",0011-04-20
"dba","id-1032999905","scott-scale-30-hardtail","http://www.dba.dk/scott-scale-30-hardtail/id-1032999905/","https://i.ebayimg.com/images/g/KGsAAOSw3utY7Qhx/s-l200.jpg",0011-04-20
"dba","id-1032983346","cannondale-anden","http://www.dba.dk/cannondale-anden/id-1032983346/","https://i.ebayimg.com/images/g/HLQAAOSw03lY7JOZ/s-l200.jpg",0011-04-20
"dba","id-1032976135","herrecykel-andet-maerke-surly","http://www.dba.dk/herrecykel-andet-maerke-surly/id-1032976135/","https://i.ebayimg.com/images/g/a-YAAOSwc49Y6-kA/s-l200.jpg",0010-04-20
"dba","id-1032972769","damecykel-scott-venture-8","http://www.dba.dk/damecykel-scott-venture-8/id-1032972769/","https://i.ebayimg.com/images/g/MZMAAOSwAANY68-y/s-l200.jpg",0010-04-20
"dba","id-1033004836","bremser-reservedele-sram","http://www.dba.dk/bremser-reservedele-sram/id-1033004836/","https://i.ebayimg.com/images/g/VCcAAOSwls5Y7TBn/s-l200.jpg",0011-04-20
"dba","id-1033004512","trek-6300-series-alpha","http://www.dba.dk/trek-6300-series-alpha/id-1033004512/","https://i.ebayimg.com/images/g/Z-gAAOSwhQhY7Ss4/s-l200.jpg",0011-04-20
"secondhandbikes","3572","Pelago","https://secondhandbikes.dk/AuctionProduct?id=3572","https://secondhandbikes.dk/Catalog/Images/Thumbs/17-03-07-11-02-06--IMG_5430.jpg",0007-03-20
"secondhandbikes","3752","Raleigh","https://secondhandbikes.dk/AuctionProduct?id=3752","https://secondhandbikes.dk/Catalog/Images/Thumbs/17-04-10-07-08-30--RIMG0154.JPG",0010-04-20
"secondhandbikes","3760","Carrara","https://secondhandbikes.dk/AuctionProduct?id=3760","https://secondhandbikes.dk/Catalog/Images/Thumbs/17-04-10-11-41-26--H145a.JPG",0010-04-20
"secondhandbikes","3661","Winther","https://secondhandbikes.dk/AuctionProduct?id=3661","https://secondhandbikes.dk/Catalog/Images/Thumbs/17-03-23-08-58-11--BJ086a.JPG",0023-03-20
"secondhandbikes","3669","Mbk","https://secondhandbikes.dk/AuctionProduct?id=3669","https://secondhandbikes.dk/Catalog/Images/Thumbs/17-03-24-09-02-04--IMG_2295.JPG",0024-03-20
"secondhandbikes","3707","Sco","https://secondhandbikes.dk/AuctionProduct?id=3707","https://secondhandbikes.dk/Catalog/Images/Thumbs/17-04-01-03-52-25--17758160_1667777633239448_1407426133_n.jpg",0001-04-20
"secondhandbikes","3554","Mtb","https://secondhandbikes.dk/AuctionProduct?id=3554","https://secondhandbikes.dk/Catalog/Images/Thumbs/17-03-05-01-04-08--IMG_2504.JPG",0005-03-20
"secondhandbikes","3749","Electra","https://secondhandbikes.dk/AuctionProduct?id=3749","https://secondhandbikes.dk/Catalog/Images/Thumbs/17-04-09-02-00-37--20170409_153705.jpg",0009-04-20
"secondhandbikes","3714","Faggin","https://secondhandbikes.dk/AuctionProduct?id=3714","https://secondhandbikes.dk/Catalog/Images/Thumbs/17-04-03-12-02-30--IMG_0620.JPG",0003-04-20
"secondhandbikes","3497","Gepida","https://secondhandbikes.dk/AuctionProduct?id=3497","https://secondhandbikes.dk/Catalog/Images/Thumbs/17-02-21-02-51-09--2015-07-19 06.44.36 1.jpg",0021-02-20
"blocket","item_72650563","Canyon al 6,9 29"" hardtail","https://www.blocket.se/goteborg/Canyon_al_6_9_29__hardtail_72650563.htm?ca=23&w=3","https://cdn.blocket.com/static/0/lithumbs/68/6829824919.jpg",0012-04-20
"blocket","item_72650192","Shimano XT broms- och v?xelreglageset + styre","https://www.blocket.se/stockholm/Shimano_XT_broms__och_vaxelreglageset___styre_72650192.htm?ca=23&w=3","https://cdn.blocket.com/static/0/lithumbs/68/6887995074.jpg",0012-04-20
"blocket","item_72646407","Cannondale","https://www.blocket.se/stockholm/Cannondale_72646407.htm?ca=23&w=3","https://cdn.blocket.com/static/1/lithumbs/68/6855752729.jpg",0012-04-20
"blocket","item_72645809","SpecializedsTurbo S elcykel Ram storlek M","https://www.blocket.se/jonkoping/SpecializedsTurbo_S_elcykel_Ram_storlek_M_72645809.htm?ca=23&w=3","https://cdn.blocket.com/static/2/lithumbs/68/6895245004.jpg",0012-04-20
"blocket","item_72641597","Giant Anthem 29?r","https://www.blocket.se/gavleborg/Giant_Anthem_29er_72641597.htm?ca=23&w=3","https://cdn.blocket.com/static/1/lithumbs/68/6839725954.jpg",0012-04-20
"blocket","item_72636470","27,5"" - American Classic Wide Lightning","https://www.blocket.se/stockholm/27_5____American_Classic_Wide_Lightning_72636470.htm?ca=23&w=3","https://cdn.blocket.com/static/2/lithumbs/67/6747024370.jpg",0011-04-20
"dba","id-1033028157","hjul-275-tubeless-hjulsaet","http://www.dba.dk/hjul-275-tubeless-hjulsaet/id-1033028157/","https://i.ebayimg.com/images/g/qkcAAOSwnF9Y7lXx/s-l200.jpg",0012-04-20
"dba","id-1033026256","hybridcykel-canyon-urban-50","http://www.dba.dk/hybridcykel-canyon-urban-50/id-1033026256/","https://i.ebayimg.com/images/g/1vIAAOSwAANY7kdK/s-l200.jpg",0012-04-20
"dba","id-1033023862","trek-superfly-96-hardtail","http://www.dba.dk/trek-superfly-96-hardtail/id-1033023862/","https://i.ebayimg.com/images/g/~nsAAOSwnF9Y7jnL/s-l200.jpg",0012-04-20
"dba","id-1033016135","cannondale-tandem-anden","http://www.dba.dk/cannondale-tandem-anden/id-1033016135/","https://i.ebayimg.com/images/g/wNwAAOSwpP9Y7gBi/s-l200.jpg",0012-04-20
"dba","id-1033006668","andet-maerke-s-crash-pump","http://www.dba.dk/andet-maerke-s-crash-pump/id-1033006668/","https://i.ebayimg.com/images/g/PgsAAOSw4CFY7T2Y/s-l200.jpg",0011-04-20
"secondhandbikes","3768","Mtb","https://secondhandbikes.dk/AuctionProduct?id=3768","https://secondhandbikes.dk/Catalog/Images/Thumbs/17-04-12-06-17-47--20170412_081252.jpg",0012-04-20
"secondhandbikes","3769","Herrecykel","https://secondhandbikes.dk/AuctionProduct?id=3769","https://secondhandbikes.dk/Catalog/Images/Thumbs/17-04-12-06-19-36--20170412_081309.jpg",0012-04-20
"secondhandbikes","3770","Herre","https://secondhandbikes.dk/AuctionProduct?id=3770","https://secondhandbikes.dk/Catalog/Images/Thumbs/17-04-12-06-23-12--20170412_081232.jpg",0012-04-20
"secondhandbikes","3524","Ridley","https://secondhandbikes.dk/AuctionProduct?id=3524","https://secondhandbikes.dk/Catalog/Images/Thumbs/17-02-28-07-42-13--Ridley1.jpg",0028-02-20
"secondhandbikes","3524","Sign up for a personal bike agent","https://secondhandbikes.dkhttps://secondhandbikes.dk/Auction/BikeAgent","https://secondhandbikes.dk/Images/brugte-cykler.jpg",0028-02-20
"secondhandbikes","3572","Pelago","https://secondhandbikes.dk/AuctionProduct?id=3572","https://secondhandbikes.dk/Catalog/Images/Thumbs/17-03-07-11-02-06--IMG_5430.jpg",0007-03-20
"secondhandbikes","3768","Mtb","https://secondhandbikes.dk/AuctionProduct?id=3768","https://secondhandbikes.dk/Catalog/Images/Thumbs/17-04-12-06-17-47--20170412_081252.jpg",0012-04-20
"secondhandbikes","3822","Kona","https://secondhandbikes.dk/AuctionProduct?id=3822","https://secondhandbikes.dk/Catalog/Images/Thumbs/17-04-29-10-10-56--M050a.JPG",0029-04-20
"secondhandbikes","3760","Carrara","https://secondhandbikes.dk/AuctionProduct?id=3760","https://secondhandbikes.dk/Catalog/Images/Thumbs/17-04-10-11-41-26--H145a.JPG",0010-04-20
"secondhandbikes","3826","Bianchi","https://secondhandbikes.dk/AuctionProduct?id=3826","https://secondhandbikes.dk/Catalog/Images/Thumbs/17-04-30-12-17-35--IMG_2843.JPG",0030-04-20
"secondhandbikes","3816","City","https://secondhandbikes.dk/AuctionProduct?id=3816","https://secondhandbikes.dk/Catalog/Images/Thumbs/17-04-27-01-02-16--20170427_145034.jpg",0027-04-20
"secondhandbikes","3814","Cool","https://secondhandbikes.dk/AuctionProduct?id=3814","https://secondhandbikes.dk/Catalog/Images/Thumbs/17-04-26-06-54-11--IMG_0769.JPG",0026-04-20
"secondhandbikes","3777","Nishiki","https://secondhandbikes.dk/AuctionProduct?id=3777","https://secondhandbikes.dk/Catalog/Images/Thumbs/17-04-13-03-45-46--17902161_1454368821273985_137263148_o.jpg",0013-04-20
"secondhandbikes","3661","Winther","https://secondhandbikes.dk/AuctionProduct?id=3661","https://secondhandbikes.dk/Catalog/Images/Thumbs/17-03-23-08-58-11--BJ086a.JPG",0023-03-20
"blocket","item_72964673","Canyon Yellowstone AL 6.9 29"" MTB","https://www.blocket.se/stockholm/Canyon_Yellowstone_AL_6_9_29__MTB_72964673.htm?ca=23&w=3","https://cdn.blocket.com/static/1/lithumbs/85/8581678104.jpg",0003-05-20
"blocket","item_73048521","Cube Reaction Pro 29"" XL","https://www.blocket.se/goteborg/Cube_Reaction_Pro_29__XL_73048521.htm?ca=23&w=3","https://cdn.blocket.com/static/1/lithumbs/89/8909177701.jpg",0003-05-20
"blocket","item_72775432","Trevlig MTB","https://www.blocket.se/skaraborg/Trevlig_MTB_72775432.htm?ca=23&w=3","https://cdn.blocket.com/static/0/lithumbs/75/7568035596.jpg",0003-05-20
"blocket","item_73046439","Focus Spine Heldämpad MTB","https://www.blocket.se/stockholm/Focus_Spine_Heldampad_MTB_73046439.htm?ca=23&w=3","https://cdn.blocket.com/static/1/lithumbs/89/8993725159.jpg",0003-05-20
"blocket","item_73044922","Hjulset för Enduro, MTB och Mavic Ksyrium","https://www.blocket.se/vasternorrland/Hjulset_for_Enduro__MTB_och_Mavic_Ksyrium_73044922.htm?ca=23&w=3","https://cdn.blocket.com/static/1/lithumbs/89/8940807625.jpg",0003-05-20
"blocket","item_73043998","Scott Spark Elite 2012, 29"" 30 vxl. 13500","https://www.blocket.se/vastmanland/Scott_Spark_Elite_2012__29__30_vxl__13500_73043998.htm?ca=23&w=3","https://cdn.blocket.com/static/2/lithumbs/89/8905477003.jpg",0003-05-20
"blocket","item_72321992","Specialized Epic Expert Carbon World Cup","https://www.blocket.se/vasternorrland/Specialized_Epic_Expert_Carbon_World_Cup_72321992.htm?ca=23&w=3","https://cdn.blocket.com/static/2/lithumbs/51/5149435358.jpg",0003-05-20
"blocket","item_72484722","Giant Anthem Advanced 1 -2016 Large","https://www.blocket.se/lund/Giant_Anthem_Advanced_1__2016_Large_72484722.htm?ca=23&w=3","https://cdn.blocket.com/static/2/lithumbs/57/5773363536.jpg",0003-05-20
"blocket","item_73040728","Kona stab delux 2008","https://www.blocket.se/jamtland/Kona_stab_delux_2008_73040728.htm?ca=23&w=3","https://cdn.blocket.com/static/0/lithumbs/89/8967249781.jpg",0003-05-20
"blocket","item_73040234","Merida Big Nine Viper XT 29 tum","https://www.blocket.se/uppsala/Merida_Big_Nine_Viper_XT_29_tum_73040234.htm?ca=23&w=3","https://cdn.blocket.com/static/2/lithumbs/89/8906228752.jpg",0003-05-20
"blocket","item_72842449","Stöckli Time 8.5 lätt och snabb 26"" HT","https://www.blocket.se/uppsala/Stockli_Time_8_5_latt_och_snabb_26__HT_72842449.htm?ca=23&w=3","https://cdn.blocket.com/static/0/lithumbs/78/7816339168.jpg",0002-05-20
"blocket","item_72629714","Downhill Votec vf 195 pro","https://www.blocket.se/gavleborg/Downhill_Votec_vf_195_pro_72629714.htm?ca=23&w=3","https://cdn.blocket.com/static/0/lithumbs/75/7549883463.jpg",0002-05-20
"blocket","item_72233612","Renoverade cyklar - Förrådsrensning","https://www.blocket.se/uppsala/Renoverade_cyklar___Forradsrensning_72233612.htm?ca=23&w=3","https://cdn.blocket.com/static/1/lithumbs/88/8824476693.jpg",0002-05-20
"blocket","item_73036470","White XC275 lite 17 mountainbike","https://www.blocket.se/stockholm/White_XC275_lite_17_mountainbike_73036470.htm?ca=23&w=3","https://cdn.blocket.com/static/2/lithumbs/88/8888942932.jpg",0002-05-20
"blocket","item_73035593","Corratech","https://www.blocket.se/dalarna/Corratech_73035593.htm?ca=23&w=3","https://cdn.blocket.com/static/2/lithumbs/88/8859566049.jpg",0002-05-20
"blocket","item_73035398","Fin MTB, Merida big nine","https://www.blocket.se/goteborg/Fin_MTB__Merida_big_nine_73035398.htm?ca=23&w=3","https://cdn.blocket.com/static/1/lithumbs/88/8868571961.jpg",0002-05-20
"blocket","item_73033204","Merida MTB","https://www.blocket.se/goteborg/Merida_MTB_73033204.htm?ca=23&w=3",NA,0002-05-20
"blocket","item_73028666","Ny Crescent Elgar 2017 kvitto garanti","https://www.blocket.se/blekinge/Ny_Crescent_Elgar_2017_kvitto_garanti_73028666.htm?ca=23&w=3","https://cdn.blocket.com/static/1/lithumbs/88/8820637892.jpg",0002-05-20
"blocket","item_73024497","Giant anthem 27,5","https://www.blocket.se/vastmanland/Giant_anthem_27_5_73024497.htm?ca=23&w=3","https://cdn.blocket.com/static/1/lithumbs/88/8839104480.jpg",0002-05-20
"blocket","item_72598877","Custom Ragley Piglet 2","https://www.blocket.se/stockholm/Custom_Ragley_Piglet_2_72598877.htm?ca=23&w=3","https://cdn.blocket.com/static/1/lithumbs/66/6619423572.jpg",0002-05-20
"blocket","item_73019780","Hopfällbar cykel","https://www.blocket.se/lund/Hopfallbar_cykel_73019780.htm?ca=23&w=3","https://cdn.blocket.com/static/2/lithumbs/87/8731636086.jpg",0001-05-20
"blocket","item_73018490","Merida Big Nine Carbon","https://www.blocket.se/gotland/Merida_Big_Nine_Carbon_73018490.htm?ca=23&w=3","https://cdn.blocket.com/static/0/lithumbs/87/8732388816.jpg",0001-05-20
"blocket","item_73017748","Scott Sportster Ltd XT Hybrid","https://www.blocket.se/stockholm/Scott_Sportster_Ltd_XT_Hybrid_73017748.htm?ca=23&w=3","https://cdn.blocket.com/static/2/lithumbs/87/8755042741.jpg",0001-05-20
"blocket","item_73017566","Cannondale F800 SL med retrokänsla","https://www.blocket.se/stockholm/Cannondale_F800_SL_med_retrokansla_73017566.htm?ca=23&w=3","https://cdn.blocket.com/static/2/lithumbs/87/8788105917.jpg",0001-05-20
"blocket","item_73017327","Canyon Lux cf 2015","https://www.blocket.se/vasternorrland/Canyon_Lux_cf_2015_73017327.htm?ca=23&w=3","https://cdn.blocket.com/static/0/lithumbs/87/8759591057.jpg",0001-05-20
"blocket","item_72430971","Scott E-Sporster 10, El-cykel","https://www.blocket.se/stockholm/Scott_E_Sporster_10__El_cykel_72430971.htm?ca=23&w=3","https://cdn.blocket.com/static/1/lithumbs/57/5719006498.jpg",0001-05-20
"blocket","item_73016006","Canyon Spectral al 8","https://www.blocket.se/vasternorrland/Canyon_Spectral_al_8_73016006.htm?ca=23&w=3","https://cdn.blocket.com/static/1/lithumbs/87/8762235910.jpg",0001-05-20
"blocket","item_73014395","Ghost HTX Lector 29"" Carbon M","https://www.blocket.se/halland/Ghost_HTX_Lector_29__Carbon_M_73014395.htm?ca=23&w=3","https://cdn.blocket.com/static/1/lithumbs/87/8737181524.jpg",0001-05-20
"blocket","item_73012822","Btwin cykel","https://www.blocket.se/stockholm/Btwin_cykel_73012822.htm?ca=23&w=3","https://cdn.blocket.com/static/2/lithumbs/87/8785735369.jpg",0001-05-20
"blocket","item_73012669","Canyon Nerve XC 5.0 -2011 i superskick","https://www.blocket.se/stockholm/Canyon_Nerve_XC_5_0__2011_i_superskick_73012669.htm?ca=23&w=3","https://cdn.blocket.com/static/1/lithumbs/87/8714256420.jpg",0001-05-20
"blocket","item_73009384","Peak MT Cook 26tums mtb","https://www.blocket.se/stockholm/Peak_MT_Cook_26tums_mtb_73009384.htm?ca=23&w=3","https://cdn.blocket.com/static/2/lithumbs/87/8719957553.jpg",0001-05-20
"blocket","item_73008770","Ktm myroon master 29, perfekt för cykelvasan","https://www.blocket.se/stockholm/Ktm_myroon_master_29__perfekt_for_cykelvasan_73008770.htm?ca=23&w=3","https://cdn.blocket.com/static/1/lithumbs/87/8763887809.jpg",0001-05-20
"blocket","item_73008716","Mountainbike GT Tequesta 26""","https://www.blocket.se/sodermanland/Mountainbike_GT_Tequesta_26__73008716.htm?ca=23&w=3","https://cdn.blocket.com/static/2/lithumbs/87/8757644318.jpg",0001-05-20
"blocket","item_73007461","Barncykel 16""","https://www.blocket.se/stockholm/Barncykel_16__73007461.htm?ca=23&w=3","https://cdn.blocket.com/static/1/lithumbs/87/8785754984.jpg",0001-05-20
"blocket","item_73007382","Barncykel 24""","https://www.blocket.se/stockholm/Barncykel_24__73007382.htm?ca=23&w=3","https://cdn.blocket.com/static/2/lithumbs/87/8774743549.jpg",0001-05-20
"blocket","item_73006806","TREK Superfly 29"" Small 15,5","https://www.blocket.se/varmland/TREK_Superfly_29__Small_15_5_73006806.htm?ca=23&w=3","https://cdn.blocket.com/static/0/lithumbs/87/8713460414.jpg",0001-05-20
"blocket","item_73006760","Mountainbike och enhjuling","https://www.blocket.se/goteborg/Mountainbike_och_enhjuling_73006760.htm?ca=23&w=3","https://cdn.blocket.com/static/0/lithumbs/87/8732549721.jpg",0001-05-20
"blocket","item_72718744","Trek Fuel EX 9","https://www.blocket.se/gavleborg/Trek_Fuel_EX_9_72718744.htm?ca=23&w=3","https://cdn.blocket.com/static/1/lithumbs/72/7271449114.jpg",0001-05-20
"blocket","item_73004940","Commencal 2009 supernormal disc xl bundle","https://www.blocket.se/stockholm/Commencal_2009_supernormal_disc_xl_bundle_73004940.htm?ca=23&w=3","https://cdn.blocket.com/static/0/lithumbs/86/8630265847.jpg",0001-05-20
"blocket","item_73004249","Jätte fin cykel 26"", Haro med XT shimano, ALU","https://www.blocket.se/goteborg/Jatte_fin_cykel_26___Haro_med_XT_shimano__ALU_73004249.htm?ca=23&w=3","https://cdn.blocket.com/static/2/lithumbs/87/8741891787.jpg",0001-05-20
"blocket","item_73004090","Btwin Triban 500 Shimano 105 5800","https://www.blocket.se/stockholm/Btwin_Triban_500_Shimano_105_5800_73004090.htm?ca=23&w=3","https://cdn.blocket.com/static/0/lithumbs/87/8718284077.jpg",0001-05-20
"blocket","item_73003916","Canyon nerve AL+ 2013, Enduro / All mountain","https://www.blocket.se/ostergotland/Canyon_nerve_AL__2013__Enduro___All_mountain_73003916.htm?ca=23&w=3","https://cdn.blocket.com/static/1/lithumbs/87/8767895851.jpg",0001-05-20
"blocket","item_73002478","SENSA stella TNT 29""","https://www.blocket.se/goteborg/SENSA_stella_TNT_29__73002478.htm?ca=23&w=3","https://cdn.blocket.com/static/2/lithumbs/87/8795306380.jpg",0001-05-20
"blocket","item_73001019","Nästan ny juniorcykel","https://www.blocket.se/ostergotland/Nastan_ny_juniorcykel_73001019.htm?ca=23&w=3","https://cdn.blocket.com/static/2/lithumbs/87/8798870998.jpg",0001-05-20
"blocket","item_72998983","Scott Scale 920","https://www.blocket.se/dalarna/Scott_Scale_920_72998983.htm?ca=23&w=3","https://cdn.blocket.com/static/2/lithumbs/87/8779955959.jpg",0001-05-20
"blocket","item_72794891","Cube AMS 120 HPA Race 29Helt ny riktigt grym","https://www.blocket.se/skaraborg/Cube_AMS_120_HPA_Race_29Helt_ny_riktigt_grym_72794891.htm?ca=23&w=3","https://cdn.blocket.com/static/1/lithumbs/76/7632665561.jpg",0001-05-20
"blocket","item_72909790","Scott scale 50 Stl-M","https://www.blocket.se/varmland/Scott_scale_50_Stl_M_72909790.htm?ca=23&w=3","https://cdn.blocket.com/static/2/lithumbs/87/8799323678.jpg",0001-05-20
"blocket","item_72995882","Spank Spoon one2one Dirt / Street Freecoaster","https://www.blocket.se/helsingborg/Spank_Spoon_one2one_Dirt___Street_Freecoaster_72995882.htm?ca=23&w=3","https://cdn.blocket.com/static/2/lithumbs/86/8653462130.jpg",0030-04-20
"blocket","item_72990999","Scott Scale 950 2013 storlek M","https://www.blocket.se/sodermanland/Scott_Scale_950_2013_storlek_M_72990999.htm?ca=23&w=3","https://cdn.blocket.com/static/2/lithumbs/86/8648452920.jpg",0030-04-20
"blocket","item_72988928","Trek 6700, Mountainbike","https://www.blocket.se/orebro/Trek_6700__Mountainbike_72988928.htm?ca=23&w=3","https://cdn.blocket.com/static/2/lithumbs/86/8652099002.jpg",0030-04-20
"dba","id-1033652823","trek-hardtail-20-gear-ve","http://www.dba.dk/trek-hardtail-20-gear-ve/id-1033652823/","https://i.ebayimg.com/images/g/E1sAAOSw7GRZCe~w/s-l200.jpg",0003-05-20
"dba","id-1033651906","gt-zaskar-hardtail-16","http://www.dba.dk/gt-zaskar-hardtail-16/id-1033651906/","https://i.ebayimg.com/images/g/W64AAOSwR29ZCekD/s-l200.jpg",0003-05-20
"dba","id-1033650338","trek-alphaaluminium-ex-65","http://www.dba.dk/trek-alphaaluminium-ex-65/id-1033650338/","https://i.ebayimg.com/images/g/9~QAAOSw~y9ZCde3/s-l200.jpg",0003-05-20
"dba","id-1033650224","trek-6300-hardtail-26","http://www.dba.dk/trek-6300-hardtail-26/id-1033650224/","https://i.ebayimg.com/images/g/-okAAOSwt0FZCdZA/s-l200.jpg",0003-05-20
"dba","id-1033650068","radon-zr-team-hardtail-18","http://www.dba.dk/radon-zr-team-hardtail-18/id-1033650068/","https://i.ebayimg.com/images/g/fcUAAOSww9xZCdWB/s-l200.jpg",0003-05-20
"dba","id-1033650118","merida-hardtail-27-gear","http://www.dba.dk/merida-hardtail-27-gear/id-1033650118/","https://i.ebayimg.com/images/g/smEAAOSwX61ZCdVW/s-l200.jpg",0003-05-20
"dba","id-1033648530","andet-brugte-mbt-dele-opr","http://www.dba.dk/andet-brugte-mbt-dele-opr/id-1033648530/","https://i.ebayimg.com/images/g/rsoAAOSw42JZCcQL/s-l200.jpg",0003-05-20
"dba","id-1033646532","scott-scale-hardtail-275","http://www.dba.dk/scott-scale-hardtail-275/id-1033646532/","https://i.ebayimg.com/images/g/420AAOSw42dZCa39/s-l200.jpg",0003-05-20
"dba","id-1033634159","trek-6300-hardtail-19","http://www.dba.dk/trek-6300-hardtail-19/id-1033634159/","https://i.ebayimg.com/images/g/GskAAOSwX61ZCM1G/s-l200.jpg",0002-05-20
"dba","id-1033631257","trek-x-caliber-7-hardtail","http://www.dba.dk/trek-x-caliber-7-hardtail/id-1033631257/","https://i.ebayimg.com/images/g/4SwAAOSwR29ZCLap/s-l200.jpg",0002-05-20
"secondhandbikes","3849","Herrecykel","https://secondhandbikes.dk/AuctionProduct?id=3849","https://secondhandbikes.dk/Catalog/Images/Thumbs/17-05-03-09-29-22--20170427_144900.jpg",0003-05-20
"secondhandbikes","3669","Mbk","https://secondhandbikes.dk/AuctionProduct?id=3669","https://secondhandbikes.dk/Catalog/Images/Thumbs/17-03-24-09-02-04--IMG_2295.JPG",0024-03-20
"secondhandbikes","3805","Avenue","https://secondhandbikes.dk/AuctionProduct?id=3805","https://secondhandbikes.dk/Catalog/Images/Thumbs/17-04-23-10-41-04--20170418_193907.jpg",0023-04-20
"secondhandbikes","3824","Victoria","https://secondhandbikes.dk/AuctionProduct?id=3824","https://secondhandbikes.dk/Catalog/Images/Thumbs/17-04-29-10-39-46--18191444_10209224383354531_847674083_n.jpg",0029-04-20
"dba","id-1033679388","scott-scale-735-hardtail-l","http://www.dba.dk/scott-scale-735-hardtail-l/id-1033679388/","https://i.ebayimg.com/images/g/OHUAAOSw~y9ZC11d/s-l200.jpg",2017-05-04
"dba","id-1033678660","herreracer-andet-maerke-56-cm","http://www.dba.dk/herreracer-andet-maerke-56-cm/id-1033678660/","https://i.ebayimg.com/images/g/tUMAAOSwrhBZC1eM/s-l200.jpg",2017-05-04
"dba","id-1033674450","bagskifter-shimano-xt-rd","http://www.dba.dk/bagskifter-shimano-xt-rd/id-1033674450/","https://i.ebayimg.com/images/g/F5UAAOSw42dZCy1L/s-l200.jpg",2017-05-04
"dba","id-1033668867","canyon-canyon-nerve-xc-f8","http://www.dba.dk/canyon-canyon-nerve-xc-f8/id-1033668867/","https://i.ebayimg.com/images/g/DFkAAOSwR29ZCvL5/s-l200.jpg",2017-05-04
"dba","id-1032782337","giant-xtc-advanced-hardtail","http://www.dba.dk/giant-xtc-advanced-hardtail/id-1032782337/","https://i.ebayimg.com/images/g/SIkAAOSwuLZY5RcX/s-l200.jpg",2017-05-04
"dba","id-1033665680","giant-xtc-composite-anden","http://www.dba.dk/giant-xtc-composite-anden/id-1033665680/","https://i.ebayimg.com/images/g/VQkAAOSwnONZCtEI/s-l200.jpg",2017-05-04
"dba","id-1033663917","merida-matts-light-hardtail","http://www.dba.dk/merida-matts-light-hardtail/id-1033663917/","https://i.ebayimg.com/images/g/~6UAAOSwuMZZCrS~/s-l200.jpg",2017-05-04
"dba","id-1032413687","herrecykel-cube-cube-cross","http://www.dba.dk/herrecykel-cube-cube-cross/id-1032413687/",NA,2017-05-03
"dba","id-1033659254","krank-shimano-xt-m782-xt","http://www.dba.dk/krank-shimano-xt-m782-xt/id-1033659254/","https://i.ebayimg.com/images/g/B8gAAOSw~y9ZCifw/s-l200.jpg",2017-05-03
"dba","id-1033631223","budcykel-larry-vs-harry","http://www.dba.dk/budcykel-larry-vs-harry/id-1033631223/","https://i.ebayimg.com/images/g/F88AAOSwrhBZCLWD/s-l200.jpg",2017-05-02
"dba","id-1033628118","gary-fisher-big-sur-colle","http://www.dba.dk/gary-fisher-big-sur-colle/id-1033628118/","https://i.ebayimg.com/images/g/Vg0AAOSwONBZCJm3/s-l200.jpg",2017-05-02
"dba","id-1033627467","forskifter-ny-shimano-xt","http://www.dba.dk/forskifter-ny-shimano-xt/id-1033627467/","https://i.ebayimg.com/images/g/MlYAAOSww9xZCJSg/s-l200.jpg",2017-05-02
"dba","id-1028165600","cannondale-sloggy-anden","http://www.dba.dk/cannondale-sloggy-anden/id-1028165600/","https://i.ebayimg.com/images/g/TH0AAOSwWxNY2v8z/s-l200.jpg",2017-05-02
"secondhandbikes","3852","No","https://secondhandbikes.dk/AuctionProduct?id=3852","https://secondhandbikes.dk/Catalog/Images/Thumbs/17-05-04-12-03-07--IMG_20161208_153114.jpg",2017-05-04
"secondhandbikes","3853","City","https://secondhandbikes.dk/AuctionProduct?id=3853","https://secondhandbikes.dk/Catalog/Images/Thumbs/17-05-04-05-33-57--20170504_155252.jpg",2017-05-04
"secondhandbikes","3854","City","https://secondhandbikes.dk/AuctionProduct?id=3854","https://secondhandbikes.dk/Catalog/Images/Thumbs/17-05-04-05-35-57--20170504_155234.jpg",2017-05-04
"blocket","item_73075443","Nishiki Cross Comp 2015 (S)","https://www.blocket.se/lulea/Nishiki_Cross_Comp_2015__S__73075443.htm?ca=23&w=3","https://cdn.blocket.com/static/1/lithumbs/90/9010799260.jpg",2017-05-04
"blocket","item_73074624","Ghost AMR 2955 - Heldämpad - Shimano XT/52cm","https://www.blocket.se/stockholm/Ghost_AMR_2955___Heldampad___Shimano_XT_52cm_73074624.htm?ca=23&w=3","https://cdn.blocket.com/static/1/lithumbs/90/9074258079.jpg",2017-05-04
"blocket","item_73070382","Scott Scale 920 M 2014","https://www.blocket.se/stockholm/Scott_Scale_920_M_2014_73070382.htm?ca=23&w=3","https://cdn.blocket.com/static/2/lithumbs/90/9032028208.jpg",2017-05-04
"blocket","item_73069560","Säler en Trek Superfly 9.8 inköpt Juli 2016","https://www.blocket.se/stockholm/Saler_en_Trek_Superfly_9_8_inkopt_Juli_2016_73069560.htm?ca=23&w=3","https://cdn.blocket.com/static/0/lithumbs/90/9064345887.jpg",2017-05-04
"blocket","item_73069105","Scott YZ 24","https://www.blocket.se/vastmanland/Scott_YZ_24_73069105.htm?ca=23&w=3","https://cdn.blocket.com/static/1/lithumbs/90/9078985873.jpg",2017-05-04
"blocket","item_73065974","Specialized Stumpjumper Comp Carbon WC 29","https://www.blocket.se/varmland/Specialized_Stumpjumper_Comp_Carbon_WC_29_73065974.htm?ca=23&w=3","https://cdn.blocket.com/static/2/lithumbs/90/9070756474.jpg",2017-05-04
"blocket","item_72920032","Specialized Enduro 29 2015 L Fox 36 Kashima","https://www.blocket.se/lund/Specialized_Enduro_29_2015_L_Fox_36_Kashima_72920032.htm?ca=23&w=3","https://cdn.blocket.com/static/1/lithumbs/82/8216827835.jpg",2017-05-04
"blocket","item_72695037","Crescent Marathon 29 Carbon","https://www.blocket.se/jonkoping/Crescent_Marathon_29_Carbon_72695037.htm?ca=23&w=3","https://cdn.blocket.com/static/1/lithumbs/71/7192663657.jpg",2017-05-04
"blocket","item_73063003","Retro Mountainbike Coyote","https://www.blocket.se/helsingborg/Retro_Mountainbike_Coyote_73063003.htm?ca=23&w=3","https://cdn.blocket.com/static/2/lithumbs/90/9043057296.jpg",2017-05-04
"blocket","item_72791908","Trek Powerfly 7","https://www.blocket.se/dalarna/Trek_Powerfly_7_72791908.htm?ca=23&w=3","https://cdn.blocket.com/static/1/lithumbs/76/7693412529.jpg",2017-05-04
"blocket","item_73060923","Trek three sport","https://www.blocket.se/lulea/Trek_three_sport_73060923.htm?ca=23&w=3","https://cdn.blocket.com/static/2/lithumbs/90/9065985526.jpg",2017-05-04
"blocket","item_73058548","Corratec X-Vert 0.2 Carbon","https://www.blocket.se/jonkoping/Corratec_X_Vert_0_2_Carbon_73058548.htm?ca=23&w=3","https://cdn.blocket.com/static/0/lithumbs/89/8912019319.jpg",2017-05-03
"blocket","item_73054961","Trek Remedy 8 - 2016","https://www.blocket.se/stockholm/Trek_Remedy_8___2016_73054961.htm?ca=23&w=3","https://cdn.blocket.com/static/2/lithumbs/89/8961951800.jpg",2017-05-03
"blocket","item_73054851","White XC275 Lite 27,5 tum mountainbike","https://www.blocket.se/stockholm/White_XC275_Lite_27_5_tum_mountainbike_73054851.htm?ca=23&w=3","https://cdn.blocket.com/static/2/lithumbs/89/8928367904.jpg",2017-05-03
"blocket","item_73054520","Trek Superfly Al Elite 29 (Medium)","https://www.blocket.se/stockholm/Trek_Superfly_Al_Elite_29__Medium__73054520.htm?ca=23&w=3","https://cdn.blocket.com/static/1/lithumbs/89/8992984689.jpg",2017-05-03
"blocket","item_73054280","Trek Remedy 8","https://www.blocket.se/stockholm/Trek_Remedy_8_73054280.htm?ca=23&w=3","https://cdn.blocket.com/static/1/lithumbs/89/8953660491.jpg",2017-05-03
"blocket","item_73053821","Kona Kula 26tum","https://www.blocket.se/stockholm/Kona_Kula_26tum_73053821.htm?ca=23&w=3","https://cdn.blocket.com/static/1/lithumbs/89/8994929405.jpg",2017-05-03
"blocket","item_73128015","Cannondale F2","https://www.blocket.se/goteborg/Cannondale_F2_73128015.htm?ca=23&w=3","https://cdn.blocket.com/static/0/lithumbs/93/9356023135.jpg",2017-05-07
"blocket","item_73126348","Scott Scale Elite 29"" Stl S","https://www.blocket.se/varmland/Scott_Scale_Elite_29__Stl_S_73126348.htm?ca=23&w=3","https://cdn.blocket.com/static/1/lithumbs/93/9359201090.jpg",2017-05-07
"blocket","item_73123550","Scott Gambler DH 20 uppgraderad","https://www.blocket.se/vasterbotten/Scott_Gambler_DH_20_uppgraderad_73123550.htm?ca=23&w=3","https://cdn.blocket.com/static/2/lithumbs/93/9320781210.jpg",2017-05-07
"blocket","item_73123167","Kona Honzo ST 29"" strl M","https://www.blocket.se/stockholm/Kona_Honzo_ST_29__strl_M_73123167.htm?ca=23&w=3","https://cdn.blocket.com/static/1/lithumbs/93/9390356696.jpg",2017-05-07
"blocket","item_73121951","Merida Big Nine Carbon XT-M","https://www.blocket.se/vastmanland/Merida_Big_Nine_Carbon_XT_M_73121951.htm?ca=23&w=3","https://cdn.blocket.com/static/1/lithumbs/93/9354782724.jpg",2017-05-07
"blocket","item_73121668","Merida MTB","https://www.blocket.se/goteborg/Merida_MTB_73121668.htm?ca=23&w=3","https://cdn.blocket.com/static/1/lithumbs/93/9344517828.jpg",2017-05-07
"blocket","item_73120897","Elcykel Cube Kathmandu","https://www.blocket.se/goteborg/Elcykel_Cube_Kathmandu_73120897.htm?ca=23&w=3","https://cdn.blocket.com/static/0/lithumbs/93/9345796427.jpg",2017-05-07
"blocket","item_73119644","Giant NRS fulldämpad 26""","https://www.blocket.se/stockholm/Giant_NRS_fulldampad_26__73119644.htm?ca=23&w=3","https://cdn.blocket.com/static/1/lithumbs/93/9351682126.jpg",2017-05-07
"blocket","item_73119139","Tempocykel i nyskick","https://www.blocket.se/vastmanland/Tempocykel_i_nyskick_73119139.htm?ca=23&w=3","https://cdn.blocket.com/static/1/lithumbs/93/9387164336.jpg",2017-05-07
"blocket","item_73119102","Thule Coaster XT","https://www.blocket.se/sodermanland/Thule_Coaster_XT_73119102.htm?ca=23&w=3","https://cdn.blocket.com/static/2/lithumbs/93/9308197317.jpg",2017-05-07
"blocket","item_73118416","Scott Scale Contessa 710","https://www.blocket.se/alvsborg/Scott_Scale_Contessa_710_73118416.htm?ca=23&w=3","https://cdn.blocket.com/static/1/lithumbs/93/9391394029.jpg",2017-05-07
"blocket","item_73116112","Focus black forest ltd 27.5 20G 2016","https://www.blocket.se/goteborg/Focus_black_forest_ltd_27_5_20G_2016_73116112.htm?ca=23&w=3","https://cdn.blocket.com/static/2/lithumbs/93/9391824029.jpg",2017-05-07
"blocket","item_73116041","Scott Comp Racing Mountainbike","https://www.blocket.se/skaraborg/Scott_Comp_Racing_Mountainbike_73116041.htm?ca=23&w=3","https://cdn.blocket.com/static/1/lithumbs/92/9245961439.jpg",2017-05-07
"blocket","item_73115449","Corratec Xvert 650B 0.2","https://www.blocket.se/stockholm/Corratec_Xvert_650B_0_2_73115449.htm?ca=23&w=3","https://cdn.blocket.com/static/2/lithumbs/91/9182039764.jpg",2017-05-06
"blocket","item_73114187","Scott Spark 940 L 2016","https://www.blocket.se/orebro/Scott_Spark_940_L_2016_73114187.htm?ca=23&w=3","https://cdn.blocket.com/static/2/lithumbs/92/9272932712.jpg",2017-05-06
"blocket","item_73112316","Canyon Nerve AL 7.0 (Heldämpad)","https://www.blocket.se/stockholm/Canyon_Nerve_AL_7_0__Heldampad__73112316.htm?ca=23&w=3","https://cdn.blocket.com/static/2/lithumbs/92/9248312433.jpg",2017-05-06
"blocket","item_73110847","Lapierre Overvolt Shaper 400 Elcykel","https://www.blocket.se/uppsala/Lapierre_Overvolt_Shaper_400_Elcykel_73110847.htm?ca=23&w=3","https://cdn.blocket.com/static/2/lithumbs/92/9232197942.jpg",2017-05-06
"blocket","item_73108059","Mtb delar 26tum 9del","https://www.blocket.se/helsingborg/Mtb_delar_26tum_9del_73108059.htm?ca=23&w=3","https://cdn.blocket.com/static/2/lithumbs/92/9247770075.jpg",2017-05-06
"blocket","item_73107833","24"" Cube SL","https://www.blocket.se/jonkoping/24__Cube_SL_73107833.htm?ca=23&w=3","https://cdn.blocket.com/static/2/lithumbs/92/9238552810.jpg",2017-05-06
"blocket","item_73105371","Canyon Nerve 8.0 medium","https://www.blocket.se/jamtland/Canyon_Nerve_8_0_medium_73105371.htm?ca=23&w=3","https://cdn.blocket.com/static/2/lithumbs/92/9262202815.jpg",2017-05-06
"blocket","item_73104976","Scott scale 710 -16","https://www.blocket.se/uppsala/Scott_scale_710__16_73104976.htm?ca=23&w=3","https://cdn.blocket.com/static/0/lithumbs/92/9260195208.jpg",2017-05-06
"blocket","item_72903409","Trek Superfly 9.8 17.5""","https://www.blocket.se/horby/Trek_Superfly_9_8_17_5__72903409.htm?ca=23&w=3","https://cdn.blocket.com/static/0/lithumbs/92/9242450517.jpg",2017-05-06
"blocket","item_72730654","Heldämpad MTB XT-utr, mycket fint skick","https://www.blocket.se/goteborg/Heldampad_MTB_XT_utr__mycket_fint_skick_72730654.htm?ca=23&w=3","https://cdn.blocket.com/static/2/lithumbs/73/7319534771.jpg",2017-05-06
"blocket","item_73096967","26"" Shimano xt hjulpar","https://www.blocket.se/stockholm/26__Shimano_xt_hjulpar_73096967.htm?ca=23&w=3","https://cdn.blocket.com/static/1/lithumbs/91/9192351062.jpg",2017-05-06
"blocket","item_72797847","Lapierre XR 729 E:i 2017 strl M. OBS NY CYKEL","https://www.blocket.se/stockholm/Lapierre_XR_729_E_i_2017_strl_M__OBS_NY_CYKEL_72797847.htm?ca=23&w=3","https://cdn.blocket.com/static/2/lithumbs/76/7635140192.jpg",2017-05-05
"blocket","item_73091183","Scott Speedster S20 och Bianchi Jab 29.3","https://www.blocket.se/kronoberg/Scott_Speedster_S20_och_Bianchi_Jab_29_3_73091183.htm?ca=23&w=3","https://cdn.blocket.com/static/1/lithumbs/91/9180836499.jpg",2017-05-05
"blocket","item_73090803","Merida Big Nine XT-Edition 2016","https://www.blocket.se/orebro/Merida_Big_Nine_XT_Edition_2016_73090803.htm?ca=23&w=3","https://cdn.blocket.com/static/2/lithumbs/91/9132910583.jpg",2017-05-05
"blocket","item_73089134","Scott Scale 720 -14","https://www.blocket.se/jonkoping/Scott_Scale_720__14_73089134.htm?ca=23&w=3","https://cdn.blocket.com/static/2/lithumbs/91/9196808719.jpg",2017-05-05
"blocket","item_73088325","MTB Cube Reaction 26"" 10,7KG","https://www.blocket.se/halland/MTB_Cube_Reaction_26__10_7KG_73088325.htm?ca=23&w=3","https://cdn.blocket.com/static/0/lithumbs/91/9128582998.jpg",2017-05-05
"blocket","item_73088295","TREK TOP FUEL 8 Heldämpad 29""","https://www.blocket.se/kalmar/TREK_TOP_FUEL_8_Heldampad_29__73088295.htm?ca=23&w=3","https://cdn.blocket.com/static/2/lithumbs/91/9132830222.jpg",2017-05-05
"blocket","item_73083231","2015 Ghost AMR LT 5 29er fulldämpad","https://www.blocket.se/alvsbyn/2015_Ghost_AMR_LT_5_29er_fulldampad_73083231.htm?ca=23&w=3","https://cdn.blocket.com/static/0/lithumbs/91/9108019247.jpg",2017-05-05
"blocket","item_72870901","Giant Anthem 3 27,5 XL","https://www.blocket.se/stockholm/Giant_Anthem_3_27_5_XL_72870901.htm?ca=23&w=3","https://cdn.blocket.com/static/1/lithumbs/80/8061997394.jpg",2017-05-05
"blocket","item_73078356","Orbea med Shimano Deore XT","https://www.blocket.se/goteborg/Orbea_med_Shimano_Deore_XT_73078356.htm?ca=23&w=3","https://cdn.blocket.com/static/0/lithumbs/90/9065530579.jpg",2017-05-04
"blocket","item_73078305","Merida Crossway 500, Hybridcykel, Herr","https://www.blocket.se/orebro/Merida_Crossway_500__Hybridcykel__Herr_73078305.htm?ca=23&w=3","https://cdn.blocket.com/static/0/lithumbs/90/9048663358.jpg",2017-05-04
"blocket","item_73077335","Helt ny merida 29"" med kvitto. kolfiber","https://www.blocket.se/jonkoping/Helt_ny_merida_29__med_kvitto__kolfiber_73077335.htm?ca=23&w=3","https://cdn.blocket.com/static/1/lithumbs/90/9006504592.jpg",2017-05-04
"dba","id-1033756711","canyon-canyon-nerve-xc-f8","http://www.dba.dk/canyon-canyon-nerve-xc-f8/id-1033756711/","https://i.ebayimg.com/images/g/ljUAAOSwK6RZDzo4/s-l200.jpg",2017-05-07
"dba","id-1033750419","radon-zr-litening-anden","http://www.dba.dk/radon-zr-litening-anden/id-1033750419/","https://i.ebayimg.com/images/g/ZdMAAOSw42JZDxSv/s-l200.jpg",2017-05-07
"dba","id-1033748230","giant-terrago-1-hardtail","http://www.dba.dk/giant-terrago-1-hardtail/id-1033748230/","https://i.ebayimg.com/images/g/DWQAAOSww9xZDweM/s-l200.jpg",2017-05-07
"dba","id-1033746457","cannodale-scalpel-carbon-3","http://www.dba.dk/cannodale-scalpel-carbon-3/id-1033746457/","https://i.ebayimg.com/images/g/q9oAAOSwrhBZDv7a/s-l200.jpg",2017-05-07
"dba","id-1033743804","new-ultimate-big-warp-29","http://www.dba.dk/new-ultimate-big-warp-29/id-1033743804/","https://i.ebayimg.com/images/g/QuwAAOSwT-FZDu1P/s-l200.jpg",2017-05-07
"dba","id-1033736515","scott-scale-710-ltd-carbon-m","http://www.dba.dk/scott-scale-710-ltd-carbon-m/id-1033736515/","https://i.ebayimg.com/images/g/JoIAAOSwtGlZDrJ9/s-l200.jpg",2017-05-07
"dba","id-1033731696","bagskifter-shimano-shiman","http://www.dba.dk/bagskifter-shimano-shiman/id-1033731696/","https://i.ebayimg.com/images/g/sY4AAOSw~y9ZDhxI/s-l200.jpg",2017-05-06
"dba","id-1033731099","bremser-shimano-xt-shiman","http://www.dba.dk/bremser-shimano-xt-shiman/id-1033731099/","https://i.ebayimg.com/images/g/ZFIAAOSwrhBZDhYz/s-l200.jpg",2017-05-06
"dba","id-1033730687","faelge-linus-pro-xt-med-linus","http://www.dba.dk/faelge-linus-pro-xt-med-linus/id-1033730687/","https://i.ebayimg.com/images/g/4Q0AAOSwPh5ZDhI7/s-l200.jpg",2017-05-06
"dba","id-1033715821","trek-4300-hardtail-275","http://www.dba.dk/trek-4300-hardtail-275/id-1033715821/","https://i.ebayimg.com/images/g/-iMAAOSw~y9ZDZOU/s-l200.jpg",2017-05-06
"dba","id-1032836185","raam-40-anden-mountainbike","http://www.dba.dk/raam-40-anden-mountainbike/id-1032836185/","https://i.ebayimg.com/images/g/YVsAAOSwpP9Y5exH/s-l200.jpg",2017-05-06
"dba","id-1033707498","scott-scale-35-carbon-anden","http://www.dba.dk/scott-scale-35-carbon-anden/id-1033707498/","https://i.ebayimg.com/images/g/yRMAAOSwlndZDNmK/s-l200.jpg",2017-05-05
"dba","id-1033706978","bremser-bremseskiver-shim","http://www.dba.dk/bremser-bremseskiver-shim/id-1033706978/","https://i.ebayimg.com/images/g/ejcAAOSw-3FZDNLO/s-l200.jpg",2017-05-05
"dba","id-1033704076","specialized-epic-fsa-full","http://www.dba.dk/specialized-epic-fsa-full/id-1033704076/","https://i.ebayimg.com/images/g/rCgAAOSwlndZDLjA/s-l200.jpg",2017-05-05
"dba","id-1033702435","skiftegreb-shimano-shiman","http://www.dba.dk/skiftegreb-shimano-shiman/id-1033702435/","https://i.ebayimg.com/images/g/ySEAAOSw~y9ZDKoX/s-l200.jpg",2017-05-05
"dba","id-1033701357","cube-acid-cmpt-hardtail-30","http://www.dba.dk/cube-acid-cmpt-hardtail-30/id-1033701357/","https://i.ebayimg.com/images/g/inkAAOSw-3FZDJ62/s-l200.jpg",2017-05-05
"dba","id-1033700529","trek-6700-hardtail-27-gea","http://www.dba.dk/trek-6700-hardtail-27-gea/id-1033700529/","https://i.ebayimg.com/images/g/URQAAOSwCQZZDJdC/s-l200.jpg",2017-05-05
"dba","id-1033699442","kranksaet-shimano-xt-kun-h","http://www.dba.dk/kranksaet-shimano-xt-kun-h/id-1033699442/","https://i.ebayimg.com/images/g/NZoAAOSww9xZDI54/s-l200.jpg",2017-05-05
"dba","id-1033693614","wilier-hardtail-xl-tommer","http://www.dba.dk/wilier-hardtail-xl-tommer/id-1033693614/","https://i.ebayimg.com/images/g/uJAAAOSwX61ZDFOO/s-l200.jpg",2017-05-05
"dba","id-1033693292","trek-superfly-hardtail-175","http://www.dba.dk/trek-superfly-hardtail-175/id-1033693292/","https://i.ebayimg.com/images/g/ZuQAAOSwnONZDFCG/s-l200.jpg",2017-05-05
"secondhandbikes","3831","Scott","https://secondhandbikes.dk/AuctionProduct?id=3831","https://secondhandbikes.dk/Catalog/Images/Thumbs/17-05-01-12-25-38--Billede 20-04-2017 16.46.34.jpg",2017-05-01
"secondhandbikes","3837","Create","https://secondhandbikes.dk/AuctionProduct?id=3837","https://secondhandbikes.dk/Catalog/Images/Thumbs/17-05-02-10-30-14--fixie.jpg",2017-05-02
"secondhandbikes","3691","Urban","https://secondhandbikes.dk/AuctionProduct?id=3691","https://secondhandbikes.dk/Catalog/Images/Thumbs/17-03-28-01-47-57--20170315_095815.jpg",2017-03-28
"secondhandbikes","3869","Kobenhavn","https://secondhandbikes.dk/AuctionProduct?id=3869","https://secondhandbikes.dk/Catalog/Images/Thumbs/17-05-06-06-40-33--IMG_3728.JPG",2017-05-06
"dba","id-1033757883","ghost-se-4000-anden","http://www.dba.dk/ghost-se-4000-anden/id-1033757883/","https://i.ebayimg.com/images/g/hgsAAOSwaEhZD0BX/s-l200.jpg",2017-05-07
